address,city,name,state,zipcode
730 george roy pkwy,Calera,Camping World of Calera,ALABAMA,35040
2961 ross clark cir ste 2,Dothan,Camping World of Dothan,ALABAMA,36301
2772 us highway 78 e ste 1,Anniston,Camping World of Oxford,ALABAMA,36207
21282 state highway 59 s,Robertsdale,Camping World of Robertsdale,ALABAMA,36567
10255 w. papago freeway,Avondale,Camping World of Avondale,ARIZONA,85323
2222 e main st,Mesa,Camping World of Mesa,ARIZONA,85213
44019 n. black canyon hwy,New River,Camping World of New River,ARIZONA,85087
4700 s. palo verde rd,Tucson,Camping World of Tucson,ARIZONA,85714
9801 diamond drive,North Little Rock,Camping World of Little Rock,ARKANSAS,72117
317 n 6th place,Lowell,Camping World of Lowell,ARKANSAS,72745
6721 warden road,Sherwood,RVs.com Showroom North Little Rock,ARKANSAS,72120
5500 wible road,Bakersfield,Camping World of Bakersfield,CALIFORNIA,93313
1175 south mount vernon avenue,Colton,Camping World of Colton,CALIFORNIA,92324
3672 south maple ave.,Fresno,Camping World of Fresno,CALIFORNIA,93725
14900 s. firestone blvd,La Mirada,Camping World of La Mirada,CALIFORNIA,90638
26776 encanto drive,Menifee,Camping World of Menifee,CALIFORNIA,92585
3700 auto mall drive,Anderson,Camping World of Redding,CALIFORNIA,96007
3750 auto mall drive,Anderson,Gander RV of Redding,CALIFORNIA,96007
10717 indiana avenue,Riverside,Camping World of Riverside,CALIFORNIA,92503
4435 granite dr.,Rocklin,Camping World of Rocklin,CALIFORNIA,95677
1039 orlando ave,Roseville,Camping World of Sacramento,CALIFORNIA,95661
13635 sycamore ave,San Martin,Camping World of San Martin,CALIFORNIA,95046
27590 jefferson avenue,Temecula,Camping World of Temecula,CALIFORNIA,92590
5065 quinn road,Vacaville,Camping World of Vacaville,CALIFORNIA,95688
24901 w. pico canyon rd.,Newhall,Camping World of Valencia,CALIFORNIA,91381
6830 bandley dr,Fountain,Camping World of Colorado Springs,COLORADO,80817
16000 w. colfax avenue,Golden,Camping World of Denver,COLORADO,80401
9870 w 48th ave,Wheat Ridge,RVs.com Showroom Wheat Ridge,COLORADO,80033
14504 e i25 frontage rd,Longmont,Camping World of Longmont,COLORADO,80504
7400 state road 60 e,Bartow,Camping World of Bartow,FLORIDA,33830
4700 king st,Cocoa,Camping World of Cocoa,FLORIDA,32926
4681 waycross rd,Fort Myers,Camping World of Fort Myers,FLORIDA,33905
2123 s jenkins rd,Fort Pierce,Camping World of Fort Pierce,FLORIDA,34947
6240 hwy 98,Gulf Breeze,Gander RV of Gulf Breeze,FLORIDA,32563
10101 interstate center dr,Jacksonville,Camping World of Jacksonville,FLORIDA,32218
5175 west irlo bronson memorial hwy,Kissimmee,Camping World of Kissimmee,FLORIDA,34746
530 sw florida gateway dr,Lake City,Camping World of Lake City,FLORIDA,32024
2112 us highway 19,Holiday,Camping World of New Port Richey,FLORIDA,34691
14200 s us highway 441,Summerfield,Camping World of Ocala,FLORIDA,34491
4100 w 23rd st,Panama City,Camping World of Panama City,FLORIDA,32405
600 outlet mall blvd.,St. Augustine,Camping World of St. Augustine,FLORIDA,32084
31300 blue star hwy us 90,Midway,Camping World of Tallahassee,FLORIDA,32343
4811 mcintosh road,Dover,Camping World of Tampa,FLORIDA,33527
145 mason mcknight jr pkwy,Augusta,Gander RV of Augusta,GEORGIA,30907
2289 rock quarry rd east,Buford,Camping World of Buford,GEORGIA,30519
225 w.e. green jr. parkway,Byron,Camping World of Macon,GEORGIA,31008
4696 smithson blvd,Oakwood,Camping World of Oakwood,GEORGIA,30566
129 continental blvd,Pooler,RVs.com Showroom Savannah,GEORGIA,31322
5244 jewell futch rd.,Lake Park,Camping World of Valdosta,GEORGIA,31636
505 parkway 575,Woodstock,Camping World of Woodstock,GEORGIA,30188
5309 w chinden blvd,Garden City,RVs.com Showroom Boise,IDAHO,83714
5500 cleveland blvd,Caldwell,Camping World of Caldwell,IDAHO,83607
1355 tara st,Idaho Falls,Camping World of Idaho Falls,IDAHO,83402
1580 w overland rd,Meridian,Camping World of Meridian,IDAHO,83642
3385 hawthorne rd,Pocatello,Camping World of Pocatello,IDAHO,83201
41517 us hwy 45,Antioch,Gander RV Service Center of Antioch,ILLINOIS,60002
800 ez street,Braidwood,Camping World of Braidwood,ILLINOIS,60408
27794 n darrell rd,Wauconda,Camping World of Chicago,ILLINOIS,60084
350 west lincoln highway,Cortland,Camping World of DeKalb,ILLINOIS,60112
2480 blue heron drive,Marion,Camping World of Marion,ILLINOIS,62959
6135 all world way,Roscoe,Camping World of Rockford,ILLINOIS,61073
2371 chuckwagon drive,Springfield,Camping World of Springfield,ILLINOIS,62711
303 sheek road,Greenwood,Camping World of Indianapolis,INDIANA,46143
503 north main street,Middlebury,RVs.com Showroom Middlebury,INDIANA,46540
2250 williamsburg pike,Richmond,Camping World of Richmond,INDIANA,47374
7805 ace place,Cedar Falls,Camping World of Cedar Falls,IOWA,50613
2802 south 21st street,Council Bluffs,Camping World of Council Bluffs,IOWA,51501
14040 110th ave.,Davenport,Camping World of Davenport,IOWA,52804
1201 north 98th street,Kansas City,Camping World of The Legends,KANSAS,66111
3928 s oak st,Wichita,Camping World of Wichita,KANSAS,67217
725 bluegrass farms blvd,Bowling Green,Camping World of Bowling Green,KENTUCKY,42104
151 wahland hall path,Georgetown,Camping World of Georgetown,KENTUCKY,40324
325 county farm rd,London,Camping World of London,KENTUCKY,40741
2310 n. frontage road,Breaux Bridge,Camping World of Breaux Bridge,LOUISIANA,70517
43135 pumpkin center rd,Hammond,Camping World of Hammond,LOUISIANA,70403
3625 industrial drive at i-20,Bossier City,Camping World of Shreveport,LOUISIANA,71112
480 roosevelt  trail,Windham,Camping World of Windham,MAINE,04062
137 myricks st.,Berkley,Camping World of Berkley,MASSACHUSETTS,02779
865 quaker hwy,Uxbridge,Camping World of Uxbridge,MASSACHUSETTS,01569
66 w boylston st,West Boylston,Camping World of West Boylston,MASSACHUSETTS,01583
188 west street route 5,West Hatfield,Camping World of West Hatfield,MASSACHUSETTS,01088
1603 s. main street,Chelsea,Camping World of Ann Arbor,MICHIGAN,48118
11600 n beyer rd,Birch Run,Camping World of Birch Run,MICHIGAN,48415
373 n willowbrook road ste y,Coldwater,Camping World of Coldwater,MICHIGAN,49036
2905 north lincoln rd,Escanaba,Camping World of Escanaba,MICHIGAN,49829
201 76th st sw,Grand Rapids,Camping World of Grand Rapids,MICHIGAN,49548
2735 west houghton lake drive,Houghton Lake,Camping World of Houghton Lake,MICHIGAN,48629
14275 edgewood drive north #100,Baxter,Camping World of Baxter,MINNESOTA,56425
14640 w. freeway drive,Forest Lake,RVs.com Showroom Forest Lake,MINNESOTA,55025
4275 haines rd,Hermantown,Camping World of Hermantown,MINNESOTA,55811
14025 west freeway drive,Hugo,Camping World of Hugo,MINNESOTA,55038
16701 greystone lane,Jordan,Camping World of Jordan,MINNESOTA,55352
16861 kenyon avenue,Lakeville,Camping World of Lakeville,MINNESOTA,55044
14884 113th street,Little Falls,Camping World of Little Falls,MINNESOTA,56345
84601 olson drive,Madelia,Camping World of Mankato,MINNESOTA,56062
3801 chelsea rd w,Monticello,Camping World of Minneapolis,MINNESOTA,55362
3627 n county road 45,Owatonna,Camping World of Owatonna,MINNESOTA,55060
1260 lake shady avenue s,Oronoco,Camping World of Rochester,MINNESOTA,55960
12020 shriners blvd,Biloxi,Camping World of Biloxi,MISSISSIPPI,39532
4601 i-55 south frontage road,Jackson,Camping World of Jackson Mississippi,MISSISSIPPI,39212
8150 new craft rd,Olive Branch,Camping World of Memphis,MISSISSIPPI,38654
8877 interstate 70 dr ne,Columbia,Camping World of Columbia,MISSOURI,65202
3001 ne jefferson rd,Grain Valley,Camping World of Kansas City,MISSOURI,64029
373 e evergreen rd,Strafford,Camping World of Springfield,MISSOURI,65757
2200 e pitman ave,Wentzville,Camping World of St Louis,MISSOURI,63385
6340 arbor road,Lincoln,Camping World of Lincoln,NEBRASKA,68501
1600 south boulder hwy,Henderson,Camping World of Henderson,NEVADA,89015
13175 s las vegas blvd,Las Vegas,Camping World of Las Vegas,NEVADA,89044
9125 s. virginia street,Reno,Camping World of Reno,NEVADA,89511
1571 east main street,Center Conway,Camping World of Conway,NEW HAMPSHIRE,03813
165 dover rd.,Chichester,Camping World of New Hampshire,NEW HAMPSHIRE,03258
602 heron dr,Swedesboro,Camping World of Bridgeport,NEW JERSEY,08085
1359 river ave,Lakewood,Camping World of New Jersey,NEW JERSEY,08701
14303 central ave nw,Albuquerque,Camping World of Albuquerque,NEW MEXICO,87121
12634 route 9 w,West Coxsackie,Camping World of Albany,NEW YORK,12192
5533 camp rd,Hamburg,Camping World of Buffalo,NEW YORK,14075
1000 sanford road north,Churchville,Camping World of Churchville,NEW YORK,14428
5864 carmenica dr,Cicero,RVs.com Showroom Cicero,NEW YORK,13039
124 state route 28,Kingston,Camping World of Kingston,NEW YORK,12401
7030 interstate island rd.,Syracuse,Camping World of Syracuse,NEW YORK,13209
2918 n rugby rd,Hendersonville,Camping World of Asheville,NORTH CAROLINA,28791
8615 triad drive,Colfax,Camping World of Colfax,NORTH CAROLINA,27235
6700 bruton smith blvd,Concord,Camping World of Concord,NORTH CAROLINA,28027
5117 us highway 301 s,Hope Mills,Camping World of Fayetteville,NORTH CAROLINA,28348
111 red banks rd,Greenville,Camping World of Greenville,NORTH CAROLINA,27858
1885 us 70 w,Marion,Camping World of Marion,NORTH CAROLINA,28752
2300 u.s. hwy. 70 e.,Garner,Camping World of Raleigh,NORTH CAROLINA,27529
1220 morland dr,Statesville,Gander RV of Statesville,NORTH CAROLINA,28677
2249 main avenue east,West Fargo,Camping World of Fargo,NORTH DAKOTA,58078
1005 interstate pkwy,Akron,Camping World of Akron,OHIO,44312
8001 old troy pike,Huber Heights,Camping World of Huber Heights,OHIO,45424
8793 n county road 25a,Piqua,Camping World of Piqua,OHIO,45356
28000 sportsmans dr,Rossford,Camping World of Toledo,OHIO,43460
13241 broadway extension,Oklahoma City,Airstream of Oklahoma,OKLAHOMA,73114
4901 s anderson rd,Oklahoma City,Camping World of Oklahoma City East,OKLAHOMA,73150
13111 north broadway extension,Oklahoma City,Camping World of Oklahoma City North,OKLAHOMA,73114
34203 us highway 59 s,Poteau,Camping World of Poteau,OKLAHOMA,74953
9005 e. skelly dr.,Tulsa,Camping World of Tulsa,OKLAHOMA,74129
90855 roberts rd,Coburg,Camping World of Eugene,OREGON,97408
6503 se alexander street,Hillsboro,Camping World of Hillsboro,OREGON,97123
3800 south pacific hwy,Medford,RVs.com Showroom Medford,OREGON,97501
938 chevy way,Medford,Camping World of Medford,OREGON,97504
24000 ne sandy blvd.,Wood Village,Camping World of Portland,OREGON,97060
26875 sw boones ferry rd,Wilsonville,Camping World of Wilsonville,OREGON,97070
20 industrial dr,Hamburg,Camping World of Hamburg,PENNSYLVANIA,19526
2100 baltimore pike,Hanover,Camping World of Hanover,PENNSYLVANIA,17331
7501 allentown blvd,Harrisburg,Camping World of Harrisburg,PENNSYLVANIA,17112
537 state route 356,Apollo,Camping World of Pittsburgh,PENNSYLVANIA,15613
8155 rivers avenue,North Charleston,Camping World of Charleston,SOUTH CAROLINA,29406
3634 fernandina road,Columbia,Camping World of Columbia,SOUTH CAROLINA,29210
2301 dick pond rd,Myrtle Beach,Camping World of Myrtle Beach,SOUTH CAROLINA,29575
401 sycamore dr,Ridgeland,Camping World of Ridgeland,SOUTH CAROLINA,29936
114 best drive,Spartanburg,Camping World of Spartanburg,SOUTH CAROLINA,29303
10400 recreational dr,Summerset,Camping World of Rapid City,SOUTH DAKOTA,57718
1601 e robur drive,Sioux Falls,Camping World of Sioux Falls,SOUTH DAKOTA,57104
6728 ringgold road,Chattanooga,Camping World of Chattanooga,TENNESSEE,37412
1523 vann drive,Jackson,Camping World of Jackson Tennessee,TENNESSEE,38305
4223 airport hwy,Louisville,Camping World of Knoxville,TENNESSEE,37777
2618 music valley dr,Nashville,Camping World of Nashville,TENNESSEE,37214
2614 music valley drive,Nashville,RVs.com Showroom Nashville,TENNESSEE,37214
5201 n pkwy dr,Alvarado,Camping World of Alvarado,TEXAS,76009
4341 canyon dr,Amarillo,RVs.com Showroom Amarillo,TEXAS,79110
10300 i-40 frontage rd,Amarillo,Camping World of Amarillo,TEXAS,79124
5209 n interstate 35,Denton,Camping World of Denton,TEXAS,76207
8805 north desert blvd,Anthony,Camping World of El Paso,TEXAS,79821
6001 quebec st,Fort Worth,Camping World of Fort Worth,TEXAS,76135
27905 katy freeway,Katy,Camping World of Houston,TEXAS,77494
1701 s loop 289,Lubbock,Camping World of Lubbock,TEXAS,79423
2764 i-30,Mesquite,Gander RV of Mesquite,TEXAS,75150
3891 south ih 35,New Braunfels,Camping World of San Antonio,TEXAS,78130
2005 s sam rayburn fwy,Sherman,Camping World of Sherman,TEXAS,75090
19302 interstate 45,Spring,Camping World of Spring,TEXAS,77373
151 market square blvd,Tyler,RVs.com Showroom Tyler,TEXAS,75703
11271 us highway 69 north,Tyler,Camping World of Tyler,TEXAS,75706
780 n kays dr,Kaysville,Camping World of Kaysville,UTAH,84037
13153 s minuteman dr,Draper,Camping World of Salt Lake City,UTAH,84020
341 east sunland drive,St. George,Camping World of St. George,UTAH,84790
1500 hilton dr,St George,Camping World of St. George,UTAH,84770
10300 northlake park drive,Ashland,Airstream of Virginia,VIRGINIA,23005
11963 jefferson avenue,Newport News,Camping World of Hampton Roads,VIRGINIA,23606
10850 balls ford rd,Manassas,Camping World of Manassas,VIRGINIA,20109
11525 sunshade lane,Ashland,McGeorge RV - A Camping World Company,VIRGINIA,23005
8198 gander way,Roanoke,Camping World of Roanoke,VIRGINIA,24019
6101 mallard rd,Thornburg,Camping World of Thornburg,VIRGINIA,22565
1535 walton dr,Burlington,Camping World of Burlington,WASHINGTON,98233
11572 clear creek rd nw,Silverdale,Camping World of Silverdale,WASHINGTON,98383
4650 16th st e,Fife,Camping World of Fife,WASHINGTON,98424
9420 sandifur pkwy,Pasco,Camping World of Pasco,WASHINGTON,99301
16625 meridian e,Puyallup,RVs.com Showroom Puyallup,WASHINGTON,98375
19651 e cataldo ave,Liberty Lake,Camping World of Spokane,WASHINGTON,99016
2386 white hall blvd,Fairmont,Camping World of Fairmont,WEST VIRGINIA,26544
6440 scully drive,Eau Claire,Camping World of Eau Claire,WISCONSIN,54701
6802 118th ave,Kenosha,Camping World of Kenosha,WISCONSIN,53142
6199 east metro drive,Deforest,Camping World of Madison,WISCONSIN,53532
800 e green bay ave,Saukville,Camping World of Milwaukee,WISCONSIN,53080
1560 county road xx,Rothschild,Camping World of Rothschild,WISCONSIN,54474
8910 hutchins drive,Cheyenne,Camping World of Cheyenne,WYOMING,82007
